{
    "murp_tmr_franka_:0000": {
        "initial": [
            1.8471711874008179,
            0.7594220638275146,
            0.3986620306968689,
            -1.6273975372314453,
            -0.4907034635543823,
            0.8938933610916138,
            0.014061186462640762,
            1.6731202602386475,
            -1.4541010856628418,
            2.1670868396759033,
            -0.7030027508735657,
            0.4094705879688263,
            0.8172627687454224,
            -0.15232928097248077
        ]
    },
    "murp_tmr_kinova_:0000": {
        "initial": [
            1.5654690265655518,
            -1.0694752931594849,
            0.01636284589767456,
            -1.4696356058120728,
            -0.023202717304229736,
            -0.3219037353992462,
            0.0012233186280354857,
            1.554969310760498,
            1.4267891645431519,
            -0.005398159846663475,
            0.7586461901664734,
            0.038459643721580505,
            0.3135967552661896,
            -0.019743451848626137
        ]
    },
    "murp_tmr_franka_metahand_:0000": {
        "initial": [
            1.4104466438293457,
            1.0045032501220703,
            -0.0004277919651940465,
            -1.3342911005020142,
            0.006632870063185692,
            2.6089422702789307,
            -0.2507323622703552,
            0.09369415044784546,
            0.03855705261230469,
            -0.032034676522016525,
            -0.011998646892607212,
            0.14044487476348877,
            -0.24079933762550354,
            0.16510280966758728,
            -0.1014380231499672,
            0.012606220319867134,
            0.008006482385098934,
            -0.01866091787815094,
            -0.01981888897716999,
            0.04918514937162399,
            -0.019272545352578163,
            0.014429383911192417,
            -0.01086236909031868,
            -1.5712008476257324,
            1.0973446369171143,
            -0.028631744906306267,
            -0.8499447703361511,
            -0.03176533058285713,
            2.0331737995147705,
            0.5337229371070862,
            0.13886554539203644,
            0.05876128003001213,
            -0.035117849707603455,
            -0.024216510355472565,
            0.062203872948884964,
            0.02371426671743393,
            0.16781722009181976,
            -0.10648047924041748,
            0.10182434320449829,
            0.07665801048278809,
            -0.036155857145786285,
            0.02053198590874672,
            0.1305834949016571,
            0.0947028174996376,
            -0.05665895715355873,
            -0.009388989768922329
        ],
        "hand_open": [
            0.14044487476348877,
            -0.24079933762550354,
            0.16510280966758728,
            -0.1014380231499672,
            0.09369415044784546,
            0.03855705261230469,
            -0.032034676522016525,
            -0.011998646892607212,
            0.012606220319867134,
            0.008006482385098934,
            -0.01866091787815094,
            -0.01981888897716999,
            0.04918514937162399,
            -0.019272545352578163,
            0.014429383911192417,
            -0.01086236909031868
        ],
        "pre_grasp": [
            1.3960000276565552,
            0.37299999594688416,
            -0.019999999552965164,
            0.29999998211860657,
            -0.18630585074424744,
            0.2585570514202118,
            0.8379653096199036,
            0.3680013418197632,
            0.012606220319867134,
            0.20800648629665375,
            0.6213390827178955,
            0.6001811027526855,
            0.2091851532459259,
            0.30000001192092896,
            0.4744293987751007,
            0.800000011920929
        ],
        "grasp": [
            1.3960000276565552,
            0.6330000162124634,
            0.6200000047683716,
            0.41999998688697815,
            0.15000000596046448,
            1.090000033378601,
            0.8700000047683716,
            -0.0019986582919955254,
            0.012606220319867134,
            1.090000033378601,
            0.791339099407196,
            0.1501810997724533,
            0.10999999940395355,
            1.090000033378601,
            0.8444294333457947,
            0.30000001192092896
        ]
    },
    "franka_with_hand_v2_:0000": {
        "initial": [
            0.005320293828845024,
            0.0015349113382399082,
            -0.0053202868439257145,
            -0.005320293828845024,
            0.005320294760167599,
            0.0015349113382399082,
            -0.005320288706570864,
            -0.005320294760167599,
            0.0015306769637390971,
            0.0,
            0.0015306769637390971,
            0.0,
            -1.3831802606582642,
            1.0017733573913574,
            1.5630487203598022,
            -2.6145052909851074,
            2.8032426834106445,
            2.17045259475708,
            1.8991209268569946,
            0.06732558459043503,
            -0.05004487931728363,
            -0.04109349474310875,
            0.010406999848783016,
            0.262999951839447,
            -0.007385022472590208,
            0.0851854756474495,
            -0.06059582903981209,
            0.06299369037151337,
            -0.05984588339924812,
            -0.0007106768898665905,
            0.0037416843697428703,
            0.011105441488325596,
            -0.029024865478277206,
            0.01468523871153593,
            0.0031572356820106506,
            -1.5561625957489014,
            -0.897437572479248,
            1.2894243001937866,
            -2.697000741958618,
            2.8019399642944336,
            2.3629891872406006,
            1.6968469619750977,
            0.09869411587715149,
            -0.06699179857969284,
            0.024569381028413773,
            -0.07202602922916412,
            0.262999951839447,
            -0.009550623595714569,
            0.09016787260770798,
            -0.06505626440048218,
            0.07635793834924698,
            -0.0634196475148201,
            0.02052178420126438,
            0.004842694383114576,
            0.07883762568235397,
            -0.06831385940313339,
            0.021957436576485634,
            0.005206808913499117
        ],
        "hand_open": [
            0.14044487476348877,
            -0.24079933762550354,
            0.16510280966758728,
            -0.1014380231499672,
            0.09369415044784546,
            0.03855705261230469,
            -0.032034676522016525,
            -0.011998646892607212,
            0.012606220319867134,
            0.008006482385098934,
            -0.01866091787815094,
            -0.01981888897716999,
            0.04918514937162399,
            -0.019272545352578163,
            0.014429383911192417,
            -0.01086236909031868
        ],
        "pre_grasp": [
            1.3960000276565552,
            0.37299999594688416,
            -0.019999999552965164,
            0.29999998211860657,
            -0.18630585074424744,
            0.2585570514202118,
            0.8379653096199036,
            0.3680013418197632,
            0.012606220319867134,
            0.20800648629665375,
            0.6213390827178955,
            0.6001811027526855,
            0.2091851532459259,
            0.30000001192092896,
            0.4744293987751007,
            0.800000011920929
        ],