{
    "murp_tmr_franka_:0000": {
        "initial": [
            1.8471711874008179,
            0.7594220638275146,
            0.3986620306968689,
            -1.6273975372314453,
            -0.4907034635543823,
            0.8938933610916138,
            0.014061186462640762,
            1.6731202602386475,
            -1.4541010856628418,
            2.1670868396759033,
            -0.7030027508735657,
            0.4094705879688263,
            0.8172627687454224,
            -0.15232928097248077
        ]
    },
    "murp_tmr_kinova_:0000": {
        "initial": [
            1.5654690265655518,
            -1.0694752931594849,
            0.01636284589767456,
            -1.4696356058120728,
            -0.023202717304229736,
            -0.3219037353992462,
            0.0012233186280354857,
            1.554969310760498,
            1.4267891645431519,
            -0.005398159846663475,
            0.7586461901664734,
            0.038459643721580505,
            0.3135967552661896,
            -0.019743451848626137
        ]
    },
    "murp_tmr_franka_metahand_:0000": {
        "initial": [
            1.4104466438293457,
            1.0045032501220703,
            -0.0004277919651940465,
            -1.3342911005020142,
            0.006632870063185692,
            2.6089422702789307,
            -0.2507323622703552,
            0.09369415044784546,
            0.03855705261230469,
            -0.032034676522016525,
            -0.011998646892607212,
            0.14044487476348877,
            -0.24079933762550354,
            0.16510280966758728,
            -0.1014380231499672,
            0.012606220319867134,
            0.008006482385098934,
            -0.01866091787815094,
            -0.01981888897716999,
            0.04918514937162399,
            -0.019272545352578163,
            0.014429383911192417,
            -0.01086236909031868,
            -1.5712008476257324,
            1.0973446369171143,
            -0.028631744906306267,
            -0.8499447703361511,
            -0.03176533058285713,
            2.0331737995147705,
            0.5337229371070862,
            0.13886554539203644,
            0.05876128003001213,
            -0.035117849707603455,
            -0.024216510355472565,
            0.062203872948884964,
            0.02371426671743393,
            0.16781722009181976,
            -0.10648047924041748,
            0.10182434320449829,
            0.07665801048278809,
            -0.036155857145786285,
            0.02053198590874672,
            0.1305834949016571,
            0.0947028174996376,
            -0.05665895715355873,
            -0.009388989768922329
        ],
        "hand_open": [
            0.14044487476348877,
            -0.24079933762550354,
            0.16510280966758728,
            -0.1014380231499672,
            0.09369415044784546,
            0.03855705261230469,
            -0.032034676522016525,
            -0.011998646892607212,
            0.012606220319867134,
            0.008006482385098934,
            -0.01866091787815094,
            -0.01981888897716999,
            0.04918514937162399,
            -0.019272545352578163,
            0.014429383911192417,
            -0.01086236909031868
        ],
        "pre_grasp": [
            1.3960000276565552,
            0.37299999594688416,
            -0.019999999552965164,
            0.29999998211860657,
            -0.18630585074424744,
            0.2585570514202118,
            0.8379653096199036,
            0.3680013418197632,
            0.012606220319867134,
            0.20800648629665375,
            0.6213390827178955,
            0.6001811027526855,
            0.2091851532459259,
            0.30000001192092896,
            0.4744293987751007,
            0.800000011920929
        ],
        "grasp": [
            1.3960000276565552,
            0.6330000162124634,
            0.6200000047683716,
            0.41999998688697815,
            0.15000000596046448,
            1.090000033378601,
            0.8700000047683716,
            -0.0019986582919955254,
            0.012606220319867134,
            1.090000033378601,
            0.791339099407196,
            0.1501810997724533,
            0.10999999940395355,
            1.090000033378601,
            0.8444294333457947,
            0.30000001192092896
        ]
    },
    "/World/env_0/Murp": {
        "initial": [
            0.005164151079952717,
            0.004386554937809706,
            -0.0006845536408945918,
            -0.000682963291183114,
            0.0007143173133954406,
            3.4857261198339984e-05,
            0.0007155915373004973,
            -2.3573618818772957e-05,
            -0.0006550544640049338,
            -0.0006550526595674455,
            -2.0913798834953923e-06,
            -5.517031604540534e-05,
            0.7053395509719849,
            -0.014536636881530285,
            -0.6137736439704895,
            -0.11546387523412704,
            0.1981145739555359,
            0.3094049394130707,
            -2.4293246269226074,
            -2.298645496368408,
            -2.459932565689087,
            -2.18649959564209,
            2.4779305458068848,
            1.9324885606765747,
            2.0601649284362793,
            -0.20250247418880463,
            0.2633896768093109,
            0.0003660965885501355,
            0.0002561274159234017,
            -8.674054697621614e-05,
            -0.004247319884598255,
            0.6241338849067688,
            0.00037696276558563113,
            0.00025299680419266224,
            0.0032639866694808006,
            -0.0018053442472591996,
            -0.0017538388492539525,
            -0.002104627201333642,
            -0.016309162601828575,
            -0.0005329094710759819,
            -0.013972305692732334,
            -0.01506129465997219,
            -0.048948779702186584,
            -0.0006351202609948814,
            -0.000666643085423857,
            -0.0005500512197613716,
            -0.01675969548523426,
            -0.0021352143958210945,
            -0.017712997272610664,
            -0.016841622069478035,
            0.0006458330899477005,
            8.02122667664662e-05,
            7.244044536491856e-05,
            0.00010525931429583579,
            8.73527824296616e-05,
            0.0002565155446063727,
            -9.341436816612259e-05,
            -2.8325182938715443e-05
        ],
        "hand_open": [
            0.14044487476348877,
            -0.24079933762550354,
            0.16510280966758728,
            -0.1014380231499672,
            0.09369415044784546,
            0.03855705261230469,
            -0.032034676522016525,
            -0.011998646892607212,
            0.012606220319867134,
            0.008006482385098934,
            -0.01866091787815094,
            -0.01981888897716999,
            0.04918514937162399,
            -0.019272545352578163,
            0.014429383911192417,
            -0.01086236909031868
        ],
        "hand_closed": [
            -0.06000043451786041,
            1.089999794960022,
            0.8599982857704163,
            0.7999999523162842,
            -4.2189032001260784e-07,
            1.08999764919281,
            0.8699985146522522,
            0.800000011920929,
            -5.020003186473332e-07,
            1.0899996757507324,
            0.8699992299079895,
            0.800000011920929,
            0.26300057768821716,
            1.1629968881607056,
            1.1699999570846558,
            1.0699974298477173
        ],
        "right_arm_in": [
            -0.014536634087562561,
            -0.11546388268470764,
            0.30940523743629456,
            -2.298644542694092,
            -2.1864986419677734,
            1.9324891567230225,
            -0.20250247418880463
        ],