{
    "murp_tmr_franka_:0000": {
        "initial": [
            1.8471711874008179,
            0.7594220638275146,
            0.3986620306968689,
            -1.6273975372314453,
            -0.4907034635543823,
            0.8938933610916138,
            0.014061186462640762,
            1.6731202602386475,
            -1.4541010856628418,
            2.1670868396759033,
            -0.7030027508735657,
            0.4094705879688263,
            0.8172627687454224,
            -0.15232928097248077
        ]
    },
    "murp_tmr_kinova_:0000": {
        "initial": [
            1.5654690265655518,
            -1.0694752931594849,
            0.01636284589767456,
            -1.4696356058120728,
            -0.023202717304229736,
            -0.3219037353992462,
            0.0012233186280354857,
            1.554969310760498,
            1.4267891645431519,
            -0.005398159846663475,
            0.7586461901664734,
            0.038459643721580505,
            0.3135967552661896,
            -0.019743451848626137
        ]
    },
    "murp_tmr_franka_metahand_:0000": {
        "initial": [
            1.4104466438293457,
            1.0045032501220703,
            -0.0004277919651940465,
            -1.3342911005020142,
            0.006632870063185692,
            2.6089422702789307,
            -0.2507323622703552,
            0.09369415044784546,
            0.03855705261230469,
            -0.032034676522016525,
            -0.011998646892607212,
            0.14044487476348877,
            -0.24079933762550354,
            0.16510280966758728,
            -0.1014380231499672,
            0.012606220319867134,
            0.008006482385098934,
            -0.01866091787815094,
            -0.01981888897716999,
            0.04918514937162399,
            -0.019272545352578163,
            0.014429383911192417,
            -0.01086236909031868,
            -1.5712008476257324,
            1.0973446369171143,
            -0.028631744906306267,
            -0.8499447703361511,
            -0.03176533058285713,
            2.0331737995147705,
            0.5337229371070862,
            0.13886554539203644,
            0.05876128003001213,
            -0.035117849707603455,
            -0.024216510355472565,
            0.062203872948884964,
            0.02371426671743393,
            0.16781722009181976,
            -0.10648047924041748,
            0.10182434320449829,
            0.07665801048278809,
            -0.036155857145786285,
            0.02053198590874672,
            0.1305834949016571,
            0.0947028174996376,
            -0.05665895715355873,
            -0.009388989768922329
        ],
        "hand_open": [
            0.14044487476348877,
            -0.24079933762550354,
            0.16510280966758728,
            -0.1014380231499672,
            0.09369415044784546,
            0.03855705261230469,
            -0.032034676522016525,
            -0.011998646892607212,
            0.012606220319867134,
            0.008006482385098934,
            -0.01866091787815094,
            -0.01981888897716999,
            0.04918514937162399,
            -0.019272545352578163,
            0.014429383911192417,
            -0.01086236909031868
        ],
        "pre_grasp": [
            1.3960000276565552,
            0.37299999594688416,
            -0.019999999552965164,
            0.29999998211860657,
            -0.18630585074424744,
            0.2585570514202118,
            0.8379653096199036,
            0.3680013418197632,
            0.012606220319867134,
            0.20800648629665375,
            0.6213390827178955,
            0.6001811027526855,
            0.2091851532459259,
            0.30000001192092896,
            0.4744293987751007,
            0.800000011920929
        ],
        "grasp": [
            1.3960000276565552,
            0.6330000162124634,
            0.6200000047683716,
            0.41999998688697815,
            0.15000000596046448,
            1.090000033378601,
            0.8700000047683716,
            -0.0019986582919955254,
            0.012606220319867134,
            1.090000033378601,
            0.791339099407196,
            0.1501810997724533,
            0.10999999940395355,
            1.090000033378601,
            0.8444294333457947,
            0.30000001192092896
        ]
    },
    "/World/env_0/Murp": {
        "initial": [
            -1.3832182884216309,
            -1.6652922630310059,
            1.7213646173477173,
            -1.6837067604064941,
            1.172802209854126,
            1.9232208728790283,
            -2.6139492988586426,
            -2.8738136291503906,
            2.729581594467163,
            2.3089869022369385,
            2.1715803146362305,
            2.3717949390411377,
            1.897700548171997,
            1.6923187971115112,
            0.4699999690055847,
            0.26299989223480225,
            0.15000030398368835,
            0.012606698088347912,
            -7.150805458877585e-08,
            0.2630000114440918,
            6.733612778475617e-09,
            -1.7828700293875954e-08,
            0.6330000162124634,
            1.0899971723556519,
            1.0899969339370728,
            1.0899969339370728,
            3.3491267004137626e-07,
            9.695910563323196e-08,
            3.2637697700010904e-07,
            3.8378939848371374e-07,
            0.6200013756752014,
            0.8444305062294006,
            0.8699990510940552,
            0.7913384437561035,
            1.277951184874837e-07,
            1.4423950744912872e-07,
            1.236836766338456e-07,
            7.233015963947764e-08,
            0.41999927163124084,
            0.3000008463859558,
            -0.001998659921810031,
            0.1501810997724533,
            -9.600446659874251e-09,
            -2.185623770856182e-08,
            -1.141862959741502e-08,
            9.59742729733648e-10
        ],
        "hand_open": [
            0.14044487476348877,
            -0.24079933762550354,
            0.16510280966758728,
            -0.1014380231499672,
            0.09369415044784546,
            0.03855705261230469,
            -0.032034676522016525,
            -0.011998646892607212,
            0.012606220319867134,
            0.008006482385098934,
            -0.01866091787815094,
            -0.01981888897716999,
            0.04918514937162399,
            -0.019272545352578163,
            0.014429383911192417,
            -0.01086236909031868
        ],
        "hand_closed": [
            -0.06000043451786041,
            1.089999794960022,
            0.8599982857704163,
            0.7999999523162842,
            -4.2189032001260784e-07,
            1.08999764919281,
            0.8699985146522522,
            0.800000011920929,
            -5.020003186473332e-07,
            1.0899996757507324,
            0.8699992299079895,
            0.800000011920929,
            0.26300057768821716,
            1.1629968881607056,
            1.1699999570846558,
            1.0699974298477173
        ],
        "right_arm_in": [
            -1.6652921438217163,
            -1.6837178468704224,
            1.9232105016708374,
            -2.8738067150115967,
            2.308994770050049,
            2.371797800064087,
            1.692314863204956
        ],
        "left_arm_in": [
            -1.3832032680511475,
            1.7213844060897827,
            1.1728023290634155,
            -2.6140055656433105,
            2.729567527770996,
            2.1715986728668213,
            1.8976932764053345
        ]
    }
}
