{
    "murp_tmr_franka_:0000": {
        "initial": [
            1.8471711874008179,
            0.7594220638275146,
            0.3986620306968689,
            -1.6273975372314453,
            -0.4907034635543823,
            0.8938933610916138,
            0.014061186462640762,
            1.6731202602386475,
            -1.4541010856628418,
            2.1670868396759033,
            -0.7030027508735657,
            0.4094705879688263,
            0.8172627687454224,
            -0.15232928097248077
        ]
    },
    "murp_tmr_kinova_:0000": {
        "initial": [
            1.5654690265655518,
            -1.0694752931594849,
            0.01636284589767456,
            -1.4696356058120728,
            -0.023202717304229736,
            -0.3219037353992462,
            0.0012233186280354857,
            1.554969310760498,
            1.4267891645431519,
            -0.005398159846663475,
            0.7586461901664734,
            0.038459643721580505,
            0.3135967552661896,
            -0.019743451848626137
        ]
    },
    "murp_tmr_franka_metahand_:0000": {
        "initial": [
            1.4104466438293457,
            1.0045032501220703,
            -0.0004277919651940465,
            -1.3342911005020142,
            0.006632870063185692,
            2.6089422702789307,
            -0.2507323622703552,
            0.09369415044784546,
            0.03855705261230469,
            -0.032034676522016525,
            -0.011998646892607212,
            0.14044487476348877,
            -0.24079933762550354,
            0.16510280966758728,
            -0.1014380231499672,
            0.012606220319867134,
            0.008006482385098934,
            -0.01866091787815094,
            -0.01981888897716999,
            0.04918514937162399,
            -0.019272545352578163,
            0.014429383911192417,
            -0.01086236909031868,
            -1.5712008476257324,
            1.0973446369171143,
            -0.028631744906306267,
            -0.8499447703361511,
            -0.03176533058285713,
            2.0331737995147705,
            0.5337229371070862,
            0.13886554539203644,
            0.05876128003001213,
            -0.035117849707603455,
            -0.024216510355472565,
            0.062203872948884964,
            0.02371426671743393,
            0.16781722009181976,
            -0.10648047924041748,
            0.10182434320449829,
            0.07665801048278809,
            -0.036155857145786285,
            0.02053198590874672,
            0.1305834949016571,
            0.0947028174996376,
            -0.05665895715355873,
            -0.009388989768922329
        ],
        "hand_open": [
            0.14044487476348877,
            -0.24079933762550354,
            0.16510280966758728,
            -0.1014380231499672,
            0.09369415044784546,
            0.03855705261230469,
            -0.032034676522016525,
            -0.011998646892607212,
            0.012606220319867134,
            0.008006482385098934,
            -0.01866091787815094,
            -0.01981888897716999,
            0.04918514937162399,
            -0.019272545352578163,
            0.014429383911192417,
            -0.01086236909031868
        ],
        "pre_grasp": [
            1.3960000276565552,
            0.37299999594688416,
            -0.019999999552965164,
            0.29999998211860657,
            -0.18630585074424744,
            0.2585570514202118,
            0.8379653096199036,
            0.3680013418197632,
            0.012606220319867134,
            0.20800648629665375,
            0.6213390827178955,
            0.6001811027526855,
            0.2091851532459259,
            0.30000001192092896,
            0.4744293987751007,
            0.800000011920929
        ],
        "grasp": [
            1.3960000276565552,
            0.6330000162124634,
            0.6200000047683716,
            0.41999998688697815,
            0.15000000596046448,
            1.090000033378601,
            0.8700000047683716,
            -0.0019986582919955254,
            0.012606220319867134,
            1.090000033378601,
            0.791339099407196,
            0.1501810997724533,
            0.10999999940395355,
            1.090000033378601,
            0.8444294333457947,
            0.30000001192092896
        ]
    },
    "/World/env_0/Murp": {
        "initial": [
            0.005164158996194601,
            0.004386560060083866,
            -0.0006845536991022527,
            -0.0006829630583524704,
            0.000714316323865205,
            3.485720662865788e-05,
            0.0007155905477702618,
            -2.357363155169878e-05,
            -0.0006550532998517156,
            -0.0006550514954142272,
            -2.0913660137011902e-06,
            -5.517027966561727e-05,
            0.7053400874137878,
            -0.014536606147885323,
            -0.613773763179779,
            -0.1154639720916748,
            0.1981143206357956,
            0.30940547585487366,
            -2.4293267726898193,
            -2.2986443042755127,
            -2.459929943084717,
            -2.186502695083618,
            2.4779365062713623,
            1.932489037513733,
            2.060163736343384,
            -0.20250235497951508,
            0.14044493436813354,
            0.26300087571144104,
            0.09369426965713501,
            0.012606225907802582,
            0.14044512808322906,
            0.2630001902580261,
            0.09369418025016785,
            0.01260621752589941,
            -0.1959998905658722,
            0.07299492508172989,
            0.03855706751346588,
            0.008006466552615166,
            -0.19599999487400055,
            1.1629952192306519,
            0.03855704888701439,
            0.00800648145377636,
            0.16510306298732758,
            0.014429382979869843,
            -0.03203462436795235,
            -0.018660936504602432,
            0.1651032269001007,
            0.014429380185902119,
            -0.032034628093242645,
            -0.01866091601550579,
            -0.10143794119358063,
            -0.010862329974770546,
            -0.011998641304671764,
            -0.0198188666254282,
            -0.10143760591745377,
            -0.01086233276873827,
            -0.01199863851070404,
            -0.019818833097815514
        ],
        "right_hand_open": [
            0.14044524729251862,
            -0.19600003957748413,
            0.16510313749313354,
            -0.10143779218196869,
            0.09369419515132904,
            0.03855709731578827,
            -0.032034602016210556,
            -0.011998642235994339,
            0.012606220319867134,
            0.008006485179066658,
            -0.01866091415286064,
            -0.01981886848807335,
            0.2629999816417694,
            1.1629976034164429,
            0.014429386705160141,
            -0.010862347669899464
        ],
        "right_hand_closed": [
            -0.06000043451786041,
            1.089999794960022,
            0.8599982857704163,
            0.7999999523162842,
            -4.2189032001260784e-07,
            1.08999764919281,
            0.8699985146522522,
            0.800000011920929,
            -5.020003186473332e-07,
            1.0899996757507324,
            0.8699992299079895,
            0.800000011920929,
            0.26300057768821716,
            1.1629968881607056,
            1.1699999570846558,
            1.0699974298477173
        ],
        "right_arm_in": [
            -0.014536634087562561,
            -0.11546388268470764,
            0.30940523743629456,
            -2.298644542694092,
            -2.1864986419677734,
            1.9324891567230225,
            -0.20250247418880463
        ],