{
    "murp_tmr_franka_:0000": {
        "initial": [
            1.8471711874008179,
            0.7594220638275146,
            0.3986620306968689,
            -1.6273975372314453,
            -0.4907034635543823,
            0.8938933610916138,
            0.014061186462640762,
            1.6731202602386475,
            -1.4541010856628418,
            2.1670868396759033,
            -0.7030027508735657,
            0.4094705879688263,
            0.8172627687454224,
            -0.15232928097248077
        ]
    },
    "murp_tmr_kinova_:0000": {
        "initial": [
            1.5654690265655518,
            -1.0694752931594849,
            0.01636284589767456,
            -1.4696356058120728,
            -0.023202717304229736,
            -0.3219037353992462,
            0.0012233186280354857,
            1.554969310760498,
            1.4267891645431519,
            -0.005398159846663475,
            0.7586461901664734,
            0.038459643721580505,
            0.3135967552661896,
            -0.019743451848626137
        ]
    },
    "murp_tmr_franka_metahand_:0000": {
        "initial": [
            1.4104466438293457,
            1.0045032501220703,
            -0.0004277919651940465,
            -1.3342911005020142,
            0.006632870063185692,
            2.6089422702789307,
            -0.2507323622703552,
            0.09369415044784546,
            0.03855705261230469,
            -0.032034676522016525,
            -0.011998646892607212,
            0.14044487476348877,
            -0.24079933762550354,
            0.16510280966758728,
            -0.1014380231499672,
            0.012606220319867134,
            0.008006482385098934,
            -0.01866091787815094,
            -0.01981888897716999,
            0.04918514937162399,
            -0.019272545352578163,
            0.014429383911192417,
            -0.01086236909031868,
            -1.5712008476257324,
            1.0973446369171143,
            -0.028631744906306267,
            -0.8499447703361511,
            -0.03176533058285713,
            2.0331737995147705,
            0.5337229371070862,
            0.13886554539203644,
            0.05876128003001213,
            -0.035117849707603455,
            -0.024216510355472565,
            0.062203872948884964,
            0.02371426671743393,
            0.16781722009181976,
            -0.10648047924041748,
            0.10182434320449829,
            0.07665801048278809,
            -0.036155857145786285,
            0.02053198590874672,
            0.1305834949016571,
            0.0947028174996376,
            -0.05665895715355873,
            -0.009388989768922329
        ],
        "hand_open": [
            0.14044487476348877,
            -0.24079933762550354,
            0.16510280966758728,
            -0.1014380231499672,
            0.09369415044784546,
            0.03855705261230469,
            -0.032034676522016525,
            -0.011998646892607212,
            0.012606220319867134,
            0.008006482385098934,
            -0.01866091787815094,
            -0.01981888897716999,
            0.04918514937162399,
            -0.019272545352578163,
            0.014429383911192417,
            -0.01086236909031868
        ],
        "pre_grasp": [
            1.3960000276565552,
            0.37299999594688416,
            -0.019999999552965164,
            0.29999998211860657,
            -0.18630585074424744,
            0.2585570514202118,
            0.8379653096199036,
            0.3680013418197632,
            0.012606220319867134,
            0.20800648629665375,
            0.6213390827178955,
            0.6001811027526855,
            0.2091851532459259,
            0.30000001192092896,
            0.4744293987751007,
            0.800000011920929
        ],
        "grasp": [
            1.3960000276565552,
            0.6330000162124634,
            0.6200000047683716,
            0.41999998688697815,
            0.15000000596046448,
            1.090000033378601,
            0.8700000047683716,
            -0.0019986582919955254,
            0.012606220319867134,
            1.090000033378601,
            0.791339099407196,
            0.1501810997724533,
            0.10999999940395355,
            1.090000033378601,
            0.8444294333457947,
            0.30000001192092896
        ]
    },
    "/World/env_0/Murp": {
        "initial": [
            0.005164163652807474,
            0.00438655773177743,
            -0.0006845534080639482,
            -0.0006829628255218267,
            0.0007143172551877797,
            3.485721390461549e-05,
            0.0007155911298468709,
            -2.3573655198561028e-05,
            -0.0006550535326823592,
            -0.0006550517282448709,
            -2.0913728349114535e-06,
            -5.5170286941574886e-05,
            0.3253422677516937,
            -0.7263016700744629,
            -0.013774634338915348,
            -0.13546399772167206,
            0.17811435461044312,
            0.30940574407577515,
            -2.4193241596221924,
            -2.31864333152771,
            -0.1499296873807907,
            -1.036505937576294,
            2.667942523956299,
            2.582493782043457,
            -0.6259011626243591,
            -1.7759034633636475,
            0.24044470489025116,
            0.2630009055137634,
            0.09369432181119919,
            0.012606235221028328,
            0.14044463634490967,
            0.2630009949207306,
            0.09369409084320068,
            0.012606214731931686,
            -0.1959998607635498,
            0.07299499958753586,
            0.03855706751346588,
            0.008006472140550613,
            -0.19600002467632294,
            0.07299508154392242,
            0.0385570265352726,
            0.008006474003195763,
            0.1651030331850052,
            0.01442940253764391,
            -0.03203464299440384,
            -0.17399999499320984,
            0.16510280966758728,
            0.01442938856780529,
            -0.03203465789556503,
            -0.018660906702280045,
            -0.10143788158893585,
            -0.13086217641830444,
            -0.011998649686574936,
            -0.019818849861621857,
            -0.10143795609474182,
            -0.010862336494028568,
            -0.011998655274510384,
            -0.019818883389234543
        ],
        "right_hand_open": [
            0.14044524729251862,
            -0.19600003957748413,
            0.16510313749313354,
            -0.10143779218196869,
            0.09369419515132904,
            0.03855709731578827,
            -0.032034602016210556,
            -0.011998642235994339,
            0.012606220319867134,
            0.008006485179066658,
            -0.01866091415286064,
            -0.01981886848807335,
            0.3629999816417694,
            1.1629976034164429,
            0.014429386705160141,
            -0.010862347669899464
        ],
        "right_hand_closed": [
            -0.06000043451786041,
            1.089999794960022,
            0.8599982857704163,
            0.7999999523162842,
            -4.2189032001260784e-07,
            1.08999764919281,
            0.8699985146522522,
            0.800000011920929,
            -5.020003186473332e-07,
            1.0899996757507324,
            0.8699992299079895,
            0.800000011920929,
            0.36300057768821714,
            1.1629968881607056,
            1.1699999570846558,
            1.0699974298477173
        ],
        "right_arm_in": [
            -0.014536634087562561,
            -0.11546388268470764,
            0.30940523743629456,
            -2.298644542694092,
            -2.1864986419677734,
            1.9324891567230225,
            -0.20250247418880463
        ],